station_id,t,value
14,10,88.88888888888889
15,10,31.25
16,10,76.66666666666667
