station_id,t,value
1,12,53.75
15,12,40.625
26,12,86.66666666666667
99,12,91.66666666666667
109,12,82.5
